ID,Type,SKU,Name,Published,Is featured?,Visibility in catalog,Short description,Description,Date sale price starts,Date sale price ends,Tax status,Tax class,In stock?,Stock,Backorders allowed?,Sold individually?,Weight (kg),Length (m),Width (m),Height (m),Allow customer reviews?,Purchase note,Sale price,Regular price,Categories,Tags,Shipping class,Images,Download limit,Download expiry days,Parent,Grouped products,Upsells,Cross-sells,External URL,Button text,Position,Meta: _customize_changeset_uuid
61,simple,,iPhone X 256GB,1,0,visible,,"Màn hình: 5.8"", Super Retina,HĐH: iOS 11,CPU: Apple A11 Bionic 6 nhân,RAM: 3 GB, ROM: 256 GB,Camera: 2 camera 12 MP, Selfie: 7 MP,PIN: 2716 mAh",,,taxable,,1,,0,0,,,,,1,,18,34.790.000₫,Accessories,,,https://cdn1.tgdd.vn/Products/Images/42/114111/iphone-x-256gb-a1-400x400.jpg,,,,,,,,,0,9a3af3a5-24eb-4577-9893-8819702233e0
62,simple,,Sony Xperia XZ2,1,0,visible,,"Màn hình: 5.7"", Full HD+,HĐH: Android 8.0,CPU: Snapdragon 845 8 nhân,RAM: 4 GB, ROM: 64 GB,Camera: 19 MP, Selfie: 5 MP,PIN: 3180 mAh",,,taxable,,1,,0,0,,,,,1,,55,19.990.000₫,Accessories,,,https://cdn4.tgdd.vn/Products/Images/42/146014/sony-xperia-xz2-1-400x400.jpg,,,,,,,,,0,9a3af3a5-24eb-4577-9893-8819702233e0
63,simple,,Huawei P20 Pro,1,0,visible,,"Màn hình: 6.1"", Full HD+,HĐH: Android 8.1 (Oreo),CPU: Hisilicon Kirin 970 8 nhân,RAM: 6 GB, ROM: 128 GB,Camera: 40 MP, 20 MP và 8 MP (3 camera), Selfie: 24 MP,PIN: 4000 mAh",,,taxable,,1,,0,0,,,,,1,,16,Dự kiến: 19.990.000₫,Accessories,,,https://cdn.tgdd.vn/Products/Images/42/154685/huawei-p20-pro-2-400x400.jpg,,,,,,,,,0,9a3af3a5-24eb-4577-9893-8819702233e0
64,simple,,iPhone X 64GB,1,1,visible,,"Màn hình: 5.8"", Super Retina,HĐH: iOS 11,CPU: Apple A11 Bionic 6 nhân,RAM: 3 GB, ROM: 64 GB,Camera: 2 camera 12 MP, Selfie: 7 MP,PIN: 2716 mAh",,,taxable,,1,,0,0,,,,,1,,,29.990.000₫,Accessories,,,https://cdn.tgdd.vn/Products/Images/42/114115/iphone-x-64gb-hh-600x600-400x400.jpg,,,,,,,,,0,9a3af3a5-24eb-4577-9893-8819702233e0
65,simple,,iPhone 8 Plus 256GB,1,0,visible,,"Màn hình: 5.5"", Retina HD,HĐH: iOS 11,CPU: Apple A11 Bionic 6 nhân,RAM: 3 GB, ROM: 256 GB,Camera: 2 camera 12 MP, Selfie: 7 MP,PIN: 2691 mAh",,,taxable,,1,,0,0,,,,,1,,,Dự kiến: 28.790.000₫,Hoodies,,,https://cdn4.tgdd.vn/Products/Images/42/114114/iphone-8-plus-256gb-hh-400x400.jpg,,,,,,,,,0,9a3af3a5-24eb-4577-9893-8819702233e0
66,simple,,iPhone 8 Plus Red 256GB (Đỏ),1,1,visible,,"Màn hình: 5.5"", Retina HD,HĐH: iOS 11,CPU: Apple A11 Bionic 6 nhân,RAM: 3 GB, ROM: 256 GB,Camera: 2 camera 12 MP, Selfie: 7 MP,PIN: 2691 mAh",,,taxable,,1,,0,0,,,,,1,,35,,Hoodies,,,https://cdn1.tgdd.vn/Products/Images/42/164236/iphone-8-plus-do-256gb-400x400.jpg,,,,,,,,,0,9a3af3a5-24eb-4577-9893-8819702233e0
67,simple,,Sony Xperia XZ Premium,1,1,visible,,"Màn hình: 5.5"", Ultra HD (4K),HĐH: Android 8.0,CPU: Snapdragon 835 8 nhân,RAM: 4 GB, ROM: 64 GB,Camera: 19 MP, Selfie: 13 MP,PIN: 3230 mAh",,,taxable,,1,,0,0,,,,,1,,,15.990.000₫,Hoodies,,,https://cdn4.tgdd.vn/Products/Images/42/92069/sony-xperia-xz-premium-hh-400x400.jpg,,,,,,,,,0,9a3af3a5-24eb-4577-9893-8819702233e0
68,simple,,Sony Xperia XZ Premium Pink Gold,1,1,visible,,"Màn hình: 5.5"", Ultra HD (4K),HĐH: Android 8.0,CPU: Snapdragon 835 8 nhân,RAM: 4 GB, ROM: 64 GB,Camera: 19 MP, Selfie: 13 MP,PIN: 3230 mAh",,,taxable,,1,,0,0,,,,,1,,42,14.490.000₫,Hoodies,,,https://cdn1.tgdd.vn/Products/Images/42/113126/sony-xperia-xz-premium-pink-gold-hh-400x400.jpg,,,,,,,,,0,9a3af3a5-24eb-4577-9893-8819702233e0
69,simple,,Sony Xperia XZ1,1,0,visible,,"Màn hình: 5.2"", Full HD,HĐH: Android 8.0,CPU: Qualcomm Snapdragon 835 8 nhân 64-bit,RAM: 4 GB, ROM: 64 GB,Camera: 19 MP, Selfie: 13 MP,PIN: 2700 mAh",,,taxable,,1,,0,0,,,,,1,,,11.990.000₫,Tshirts,,,https://cdn.tgdd.vn/Products/Images/42/108680/sony-xperia-xz1-hh-400x400.jpg,,,,,,,,,0,9a3af3a5-24eb-4577-9893-8819702233e0
70,simple,,Sony Xperia XZs,1,0,visible,,"Màn hình: 5.2"", Full HD,HĐH: Android 7.0,CPU: Snapdragon 820 4 nhân,RAM: 4 GB, ROM: 64 GB,Camera: 19 MP, Selfie: 13 MP,PIN: 2900 mAh",,,taxable,,1,,0,0,,,,,1,,,9.990.000₫,Tshirts,,,https://cdn2.tgdd.vn/Products/Images/42/92082/sony-xperia-xzs-den-200x200.png,,,,,,,,,0,9a3af3a5-24eb-4577-9893-8819702233e0
71,simple,,Sony Xperia XZ Dual,1,0,visible,,"Màn hình: 5.2"", Full HD,HĐH: Android 7.0,CPU: Snapdragon 820 4 nhân,RAM: 3 GB, ROM: 64 GB,Camera: 23 MP, Selfie: 13 MP,PIN: 2900 mAh",,,taxable,,1,,0,0,,,,,1,,,9.990.000₫,Tshirts,,,https://cdn.tgdd.vn/Products/Images/42/85235/sony-xperia-xz-h-2-200x200.jpg,,,,,,,,,0,9a3af3a5-24eb-4577-9893-8819702233e0
72,simple,,Huawei Nova 3e Hồng,1,0,visible,,"Màn hình: 5.84"", Full HD+,HĐH: Android 8.0 (Oreo),CPU: HiSilicon Kirin 659 8 nhân,RAM: 4 GB, ROM: 64 GB,Camera: 16 MP và 2 MP (2 camera), Selfie: 16 MP,PIN: 3000 mAh",,,taxable,,1,,0,0,,,,,1,,,6.990.000₫,Tshirts,,,https://cdn4.tgdd.vn/Products/Images/42/159569/huawei-nova-3e-hong-10-400x400.jpg,,,,,,,,,0,9a3af3a5-24eb-4577-9893-8819702233e0
,,,Huawei Nova 3e,,,,,"Màn hình: 5.84"", Full HD+,HĐH: Android 8.0 (Oreo),CPU: HiSilicon Kirin 659 8 nhân,RAM: 4 GB, ROM: 64 GB,Camera: 16 MP và 2 MP (2 camera), Selfie: 16 MP,PIN: 3000 mAh",,,,,,,,,,,,,,,,6.990.000₫,,,,https://cdn.tgdd.vn/Products/Images/42/154260/huawei-nova-3e-2-400x400.jpg,,,,,,,,,,
,,,Huawei Nova 2i,,,,,"Màn hình: 5.9"", FullHD+,HĐH: Android 7.0,CPU: HiSilicon Kirin 659 8 nhân,RAM: 4 GB, ROM: 64 GB,Camera: 16 MP và 2 MP ,Selfie: 13 MP và 2 MP,PIN: 3340 mAh",,,,,,,,,,,,,,,,5.490.000₫,,,,https://cdn3.tgdd.vn/Products/Images/42/118143/huawei-nova-2i-hh-600x600-400x400.jpg,,,,,,,,,,
,,,Nokia 7 plus,,,,,"Màn hình: 6"", Full HD+,HĐH: Android 8.0 (Oreo),CPU: Qualcomm Snapdragon 660 8 nhân,RAM: 4 GB, ROM: 64 GB,Camera: 12 MP và 13 MP (2 camera), Selfie: 16 MP,PIN: 3800 mAh",,,,,,,,,,,,,,,,8.990.000₫,,,,https://cdn4.tgdd.vn/Products/Images/42/153854/nokia-7-plus-2-400x400.jpg,,,,,,,,,,
,,,OPPO F7 128GB,,,,,"Màn hình: 6.23"", Full HD+,HĐH: ColorOS 5.0 (Android 8.1),CPU: MediaTek Helio P60,RAM: 6 GB, ROM: 128 GB,Camera: 16 MP, Selfie: 25 MP,PIN: 3400 mAh",,,,,,,,,,,,,,,,9.990.000₫,,,,https://cdn4.tgdd.vn/Products/Images/42/158464/oppo-f7-128gb-den-400x400.jpg,,,,,,,,,,
,,,iPhone 8 256GB,,,,,"Màn hình: 4.7"", Retina HD,HĐH: iOS 11,CPU: Apple A11 Bionic 6 nhân,RAM: 2 GB, ROM: 256 GB,Camera: 12 MP, Selfie: 7 MP,PIN: 1821 mAh",,,,,,,,,,,,,,,,25.790.000₫,,,,https://cdn2.tgdd.vn/Products/Images/42/114112/iphone-8-256gb-hh-400x400.jpg,,,,,,,,,,
,,,iPhone 8 Plus 64GB,,,,,"Màn hình: 5.5"", Retina HD,HĐH: iOS 11,CPU: Apple A11 Bionic 6 nhân,RAM: 3 GB, ROM: 64 GB,Camera: 2 camera 12 MP, Selfie: 7 MP,PIN: 2691 mAh",,,,,,,,,,,,,,,,23.990.000₫,,,,https://cdn.tgdd.vn/Products/Images/42/114110/iphone-8-plus-hh-400x400.jpg,,,,,,,,,,
,,,iPhone 8 Plus Red 64GB (Đỏ),,,,,"Màn hình: 5.5"", Retina HD,HĐH: iOS 11,CPU: Apple A11 Bionic 6 nhân,RAM: 3 GB, ROM: 64 GB,Camera: 2 camera 12 MP, Selfie: 7 MP,PIN: 2691 mAh",,,,,,,,,,,,,,,,,,,,https://cdn3.tgdd.vn/Products/Images/42/158738/iphone-8-plus-red-400x400.jpg,,,,,,,,,,
,,,iPhone 7 Plus 128GB,,,,,"Màn hình: 5.5"", Retina HD,HĐH: iOS 11,CPU: Apple A10 Fusion 4 nhân,RAM: 3 GB, ROM: 128 GB,Camera: 2x12 MP, Selfie: 7 MP,PIN: 2900 mAh, SIM: 1 SIM",,,,,,,,,,,,,,,,22.990.000₫,,,,https://cdn4.tgdd.vn/Products/Images/42/87839/iphone-7-plus-128gb-hh-400x400.jpg,,,,,,,,,,
,,,iPhone 8 64GB,,,,,"Màn hình: 4.7"", Retina HD,HĐH: iOS 11,CPU: Apple A11 Bionic 6 nhân,RAM: 2 GB, ROM: 64 GB,Camera: 12 MP, Selfie: 7 MP,PIN: 1821 mAh",,,,,,,,,,,,,,,,20.990.000₫,,,,https://cdn3.tgdd.vn/Products/Images/42/114113/iphone-8-64gb-hh-400x400.jpg,,,,,,,,,,
,,,Vivo V9,,,,,"Màn hình: 6.3"", Full HD+,HĐH: Android 8.1 (Oreo),CPU: Snapdragon 626 8 nhân 64-bit,RAM: 4 GB, ROM: 64 GB,Camera: 16 MP và 5 MP (2 camera), Selfie: 24 MP,PIN: 3260 mAh",,,,,,,,,,,,,,,,7.990.000₫,,,,https://cdn2.tgdd.vn/Products/Images/42/155047/vivo-v9-2-1-400x400.jpg,,,,,,,,,,
,,,Sony Xperia XA1 Ultra,,,,,"Màn hình: 6"", Full HD,HĐH: Android 7.0,CPU: Helio P20, 8 nhân,RAM: 4 GB, ROM: 64 GB,Camera: 23 MP, Selfie: 16 MP,PIN: 2700 mAh, SIM: 2 SIM",,,,,,,,,,,,,,,,7.990.000₫,,,,https://cdn4.tgdd.vn/Products/Images/42/92074/sony-xa1-ultra-hh-400x400.jpg,,,,,,,,,,
,,,Sony Xperia X,,,,,"Màn hình: 5"", Full HD,HĐH: Android 6.0 (Marshmallow),CPU: Snapdragon 650 6 nhân,RAM: 3 GB, ROM: 64 GB,Camera: 23 MP, Selfie: 13 MP,PIN: 2620 mAh, SIM: 2 SIM",,,,,,,,,,,,,,,,7.490.000₫,,,,https://cdn4.tgdd.vn/Products/Images/42/75244/sony-xperia-x-hh-400x400.jpg,,,,,,,,,,
,,,Samsung Galaxy S9+ 128GB,,,,,"Màn hình: 6.2"", Quad HD+ (2K+),HĐH: Android 8.0,CPU: Exynos 9810,RAM: 6 GB, ROM: 128 GB,Camera: 2 camera 12 MP, Selfie: 8 MP,PIN: 3500 mAh, sạc nhanh",,,,,,,,,,,,,,,,24.990.000₫,,,,https://cdn.tgdd.vn/Products/Images/42/154695/samsung-galaxy-s9-plus-128gb-400x400.jpg,,,,,,,,,,
,,,Huawei Y7 Prime,,,,,"Màn hình: 5.5"", HD,HĐH: Android 7.0,CPU: Snapdragon 435 8 nhân,RAM: 3 GB, ROM: 32 GB,Camera: 12 MP, Selfie: 8 MP,PIN: 4000 mAh, SIM: 2 SIM",,,,,,,,,,,,,,,,4.290.000₫,,,,https://cdn3.tgdd.vn/Products/Images/42/105928/huawei-y7-prime-200x200.jpg,,,,,,,,,,
,,,Nokia 6 new,,,,,"Màn hình: 5.5"", Full HD,HĐH: Android 8.0 (Oreo),CPU: Qualcomm Snapdragon 630 8 nhân,RAM: 3 GB, ROM: 32 GB,Camera: 16 MP, Selfie: 8 MP,PIN: 3000 mAh",,,,,,,,,,,,,,,,5.990.000₫,,,,https://cdn4.tgdd.vn/Products/Images/42/145789/nokia-6-2018-200x200.jpg,,,,,,,,,,
,,,Nokia 6,,,,,"Màn hình: 5.5"", Full HD,HĐH: Android 7.0,CPU: Qualcomm Snapdragon 430 8 nhân,RAM: 3 GB, ROM: 32 GB,Camera: 16 MP, Selfie: 8 MP,PIN: 3000 mAh",,,,,,,,,,,,,,,,5.590.000₫,,,,https://cdn1.tgdd.vn/Products/Images/42/90836/nokia-6-15-200x200.jpg,,,,,,,,,,
,,,Nokia 5,,,,,"Màn hình: 5.2"", HD,HĐH: Android 7.1,CPU: Qualcomm Snapdragon 430 8 nhân 64 bit,RAM: 2 GB, ROM: 16 GB,Camera: 13 MP, Selfie: 8 MP,PIN: 3000 mAh, SIM: 2 SIM",,,,,,,,,,,,,,,,3.860.000₫,,,,https://cdn4.tgdd.vn/Products/Images/42/91849/nokia-5-2-200x200.jpg,,,,,,,,,,
,,,Nokia 3,,,,,"Màn hình: 5"", HD,HĐH: Android 7.0,CPU: MT6737 4 nhân,RAM: 2 GB, ROM: 16 GB,Camera: 8 MP, Selfie: 8 MP,PIN: 2630 mAh, SIM: 2 SIM",,,,,,,,,,,,,,,,2.790.000₫,,,,https://cdn3.tgdd.vn/Products/Images/42/91853/nokia-3-13-400x400.jpg,,,,,,,,,,
,,,Motorola Moto Z2 Play,,,,,"Màn hình: 5.5"", Full HD,HĐH: Android 7.1,CPU: Snapdragon 626 8 nhân 64-bit,RAM: 4 GB, ROM: 64 GB,Camera: 12 MP, Selfie: 5 MP,PIN: 3000 mAh",,,,,,,,,,,,,,,,9.990.000₫,,,,https://cdn4.tgdd.vn/Products/Images/42/109414/motorola-moto-z2-play-hh-400x400.jpg,,,,,,,,,,
,,,OPPO F5 6GB,,,,,"Màn hình: 6"", FullHD+,HĐH: ColorOS 3.2 (Android 7.1),CPU: Mediatek Helio P23,RAM: 6 GB, ROM: 64 GB,Camera: 16 MP, Selfie: 20 MP,PIN: 3200 mAh",,,,,,,,,,,,,,,,8.990.000₫,,,,https://cdn1.tgdd.vn/Products/Images/42/142106/oppo-f5-6gb-anhava-1-200x200.jpg,,,,,,,,,,
,,,OPPO F7,,,,,"Màn hình: 6.23"", Full HD+,HĐH: ColorOS 5.0 (Android 8.1),CPU: MediaTek Helio P60,RAM: 4 GB, ROM: 64 GB,Camera: 16 MP, Selfie: 25 MP,PIN: 3400 mAh",,,,,,,,,,,,,,,,7.990.000₫,,,,https://cdn1.tgdd.vn/Products/Images/42/155261/oppo-f7-bac-400x400.jpg,,,,,,,,,,
,,,OPPO F7 Black,,,,,"Màn hình: 6.23"", Full HD+,HĐH: ColorOS 5.0 (Android 8.1),CPU: MediaTek Helio P60,RAM: 4 GB, ROM: 64 GB,Camera: 16 MP, Selfie: 25 MP,PIN: 3400 mAh",,,,,,,,,,,,,,,,7.990.000₫,,,,https://cdn1.tgdd.vn/Products/Images/42/162886/oppo-f7-black-400x400.jpg,,,,,,,,,,
,,,OPPO F3 Plus,,,,,"Màn hình: 6"", Full HD,HĐH: Android 6.0 (Marshmallow),CPU: Snapdragon 653,RAM: 4 GB, ROM: 64 GB,Camera: 16 MP, Selfie: 16 MP và 8 MP,PIN: 4000 mAh",,,,,,,,,,,,,,,,7.490.000₫,,,,https://cdn4.tgdd.vn/Products/Images/42/92569/oppo-f3-plus-vang-dong-1-200x200.png,,,,,,,,,,
,,,iPhone 8 Red 64GB (Đỏ),,,,,"Màn hình: 4.7"", Retina HD,HĐH: iOS 11,CPU: Apple A11 Bionic 6 nhân,RAM: 2 GB, ROM: 64 GB,Camera: 12 MP, Selfie: 7 MP,PIN: 1821 mAh",,,,,,,,,,,,,,,,,,,,https://cdn.tgdd.vn/Products/Images/42/158730/iphone-8-red-do-2-400x400.jpg,,,,,,,,,,
,,,iPhone 7 Plus 32GB,,,,,"Màn hình: 5.5"", Retina HD,HĐH: iOS 11,CPU: Apple A10 4 nhân,RAM: 3 GB, ROM: 32 GB,Camera: kép 12 MP, Selfie: 7 MP,PIN: 2900 mAh",,,,,,,,,,,,,,,,19.990.000₫,,,,https://cdn4.tgdd.vn/Products/Images/42/78124/iphone-7-plus-32gb-hh-400x400.jpg,,,,,,,,,,
,,,ASUS Zenfone Max Plus M1 - ZB570TL,,,,,"Màn hình: 5.7"", FullHD+,HĐH: Android 7.0,CPU: MT6750T 8 nhân 64-bit,RAM: 3 GB, ROM: 32 GB,Camera: 16 MP và 8 MP (2 camera), Selfie: 8 MP,PIN: 4130 mAh",,,,,,,,,,,,,,,,5.490.000₫,,,,https://cdn1.tgdd.vn/Products/Images/42/139346/asus-zenfone-max-m1-plus-zb570tl-200x200.jpg,,,,,,,,,,
,,,Vivo V7+,,,,,"Màn hình: 5.99"", HD+,HĐH: Android 7.1,CPU: Qualcomm Snapdragon 450,RAM: 4 GB, ROM: 64 GB,Camera: 16 MP, Selfie: 24 MP,PIN: 3225 mAh",,,,,,,,,,,,,,,,7.990.000₫,,,,https://cdn.tgdd.vn/Products/Images/42/112835/vivo-v7-plus-9-400x400.jpg,,,,,,,,,,
,,,Vivo V7,,,,,"Màn hình: 5.7"", HD+,HĐH: Android 7.1 ,CPU:  Snapdragon 450,RAM: 4 GB, ROM: 32 GB,Camera: 16 MP, Selfie: 24 MP,PIN: 3000 mAh",,,,,,,,,,,,,,,,6.990.000₫,,,,https://cdn4.tgdd.vn/Products/Images/42/138399/vivo-v7-hh-400x400.jpg,,,,,,,,,,
,,,HTC U Ultra,,,,,"Màn hình: Chính: 5.7"", phụ: 2.05"", Quad HD,HĐH: Android 7.0,CPU: Qualcomm Snapdragon 821 4 nhân,RAM: 4 GB, ROM: 64 GB,Camera: 12 MP, Selfie: 16 MP,PIN: 3000 mAh, SIM: 2 SIM",,,,,,,,,,,,,,,,9.890.000₫,,,,https://cdn2.tgdd.vn/Products/Images/42/90772/htc-u-ultra-1-200x200.jpg,,,,,,,,,,
,,,HTC 10 evo,,,,,"Màn hình: 5.5"", QHD,HĐH: Android 7.0,CPU: Snapdragon 810 8 nhân,RAM: 3 GB, ROM: 32GB,Camera: 16 MP, Selfie: 8 MP,PIN: 3200mAh, SIM: 1 SIM",,,,,,,,,,,,,,,,4.490.000₫,,,,https://cdn2.tgdd.vn/Products/Images/42/88632/htc-10-evo-300-200x200.jpg,,,,,,,,,,
,,,Sony Xperia XA Ultra,,,,,"Màn hình: 6"", Full HD,HĐH: Android 6.0 (Marshmallow),CPU: Helio P10 8 nhân,RAM: 3 GB, ROM: 16 GB,Camera: 21.5 MP, Selfie: 16 MP,PIN: 2700 mAh, SIM: 2 SIM",,,,,,,,,,,,,,,,6.990.000₫,,,,https://cdn1.tgdd.vn/Products/Images/42/77601/sony-xperia-xa-ultra-hh-400x400.jpg,,,,,,,,,,
,,,Sony Xperia XA1 Ultra Pink,,,,,"Màn hình: 6.0"", Full HD,HĐH: Android 7.0,CPU: Mediatek Helio P20,RAM: 4 GB, ROM: 64 GB,Camera: 23 MP, Selfie: 16 MP,PIN: 2700 mAh",,,,,,,,,,,,,,,,6.990.000₫,,,,https://cdn1.tgdd.vn/Products/Images/42/145451/sony-xperia-xa1-ultra-pink-hh-400x400.jpg,,,,,,,,,,
,,,Samsung Galaxy S9+ 64GB (Xanh san hô),,,,,"Màn hình: 6.2"", Quad HD+ (2K+),HĐH: Android 8.0 (Oreo),CPU: Exynos 9810 8 nhân,RAM: 6 GB, ROM: 64 GB,Camera: 2 camera 12 MP, Selfie: 8 MP,PIN: 3500 mAh",,,,,,,,,,,,,,,,23.490.000₫,,,,https://cdn.tgdd.vn/Products/Images/42/158340/samsung-galaxy-s9-plus-64gb-xanh-san-ho-2-1-400x400.jpg,,,,,,,,,,
,,,Samsung Galaxy S9+ 64GB,,,,,"Màn hình: 6.2"", Quad HD+ (2K+),HĐH: Android 8.0,CPU: Exynos 9810 8 nhân,RAM: 6 GB, ROM: 64 GB,Camera: 2 camera 12 MP, Selfie: 8 MP,PIN: 3500 mAh",,,,,,,,,,,,,,,,23.490.000₫,,,,https://cdn4.tgdd.vn/Products/Images/42/147939/samsung-galaxy-s9-plus-4-400x400.jpg,,,,,,,,,,
,,,Samsung Galaxy Note 8,,,,,"Màn hình: 6.3"", Quad HD+ (2K+),HĐH: Android 7.1,CPU: Exynos 8895 8 nhân 64-bit,RAM: 6 GB, ROM: 64 GB,Camera: 2 camera 12 MP, Selfie: 8 MP,PIN: 3300 mAh",,,,,,,,,,,,,,,,22.490.000₫,,,,https://cdn1.tgdd.vn/Products/Images/42/106211/samsung-galaxy-note8-hh-600x600-400x400.jpg,,,,,,,,,,
,,,Huawei Y7 Pro (2018),,,,,"Màn hình: 5.99"", HD+,HĐH: Android 8.0 (Oreo),CPU: Qualcomm Snapdragon 430,RAM: 3 GB, ROM: 32 GB,Camera: 13 MP và 2 MP (2 camera), Selfie: 8 MP,PIN: 3000 mAh",,,,,,,,,,,,,,,,3.990.000₫,,,,https://cdn2.tgdd.vn/Products/Images/42/155722/huawei-y7-pro-2018-400x400.jpg,,,,,,,,,,
,,,Huawei Y5 2017,,,,,"Màn hình: 5"", HD,HĐH: Android 6.0,CPU: MTK MT6737T 4 nhân,RAM: 2 GB, ROM: 16 GB,Camera: 8 MP, Selfie: 5 MP,PIN: 3000 mAh, SIM: 2 SIM",,,,,,,,,,,,,,,,2.790.000₫,,,,https://cdn2.tgdd.vn/Products/Images/42/103242/huawei-y5-2017-200x200.jpg,,,,,,,,,,
,,,Huawei Y3 2017,,,,,"Màn hình: 5"", FWVGA,HĐH: Android 6.0,CPU: MT6580M 4 nhân,RAM: 1 GB, ROM: 8 GB,Camera: 8 MP, Selfie: 2 MP,PIN: 2200 mAh, SIM: 2 SIM",,,,,,,,,,,,,,,,1.790.000₫,,,,https://cdn2.tgdd.vn/Products/Images/42/107197/huawei-y3-2017-200x200.jpg,,,,,,,,,,
,,,Nokia 2,,,,,"Màn hình: 5"", HD,HĐH: Android 7.1,CPU: Snapdragon 212,RAM: 1 GB, ROM: 8 GB,Camera: 8 MP, Selfie: 5 MP,PIN: 4100 mAh",,,,,,,,,,,,,,,,2.190.000₫,,,,https://cdn2.tgdd.vn/Products/Images/42/111457/nokia-2-hh-400x400.jpg,,,,,,,,,,
,,,Nokia 1,,,,,"Màn hình: 4.5"", FWVGA,HĐH: Android Go Edition,CPU: MT6737 4 nhân,RAM: 1 GB, ROM: 8 GB,Camera: 5 MP, Selfie: 2 MP,PIN: 2150 mAh",,,,,,,,,,,,,,,,1.890.000₫,,,,https://cdn.tgdd.vn/Products/Images/42/153905/nokia-1-do-400x400.jpg,,,,,,,,,,
,,,Nokia 230 (không tặng thẻ nhớ),,,,,"Màn hình: VGA, 2.8 inches,Hỗ trợ 2 sim 2 sóng,Danh bạ 1000 số,Camera: 2.0MP,Pin: 1200mAh",,,,,,,,,,,,,,,,1.250.000₫,,,,https://cdn.tgdd.vn/Products/Images/42/101850/nokia-230-khong-the-12-200x200.jpg,,,,,,,,,,
,,,Nokia 3310 2017,,,,,"Màn hình: QVGA, 2.4 inches,Hỗ trợ 2 sim 2 sóng,Danh bạ 2000 số,Camera: 2.0MP,Pin: 1200mAh",,,,,,,,,,,,,,,,1.060.000₫,,,,https://cdn2.tgdd.vn/Products/Images/42/92062/nokia-3310-2017-do-200x200.jpg,,,,,,,,,,
,,,Nokia 216 (không tặng thẻ nhớ),,,,,"Màn hình: QVGA, 2.4 inches,Hỗ trợ 2 sim 2 sóng,Danh bạ 2000 số,Camera: VGA,Pin: 1020 mAh",,,,,,,,,,,,,,,,760.000₫,,,,https://cdn4.tgdd.vn/Products/Images/42/99534/nokia-216-khong-the-300-200x200.jpg,,,,,,,,,,
,,,Nokia 150 (không tặng thẻ nhớ),,,,,"Màn hình: QVGA, 2.4 inches,Hỗ trợ 2 sim 2 sóng,Danh bạ: 500 số,Camera: VGA,Pin: 1020mAh",,,,,,,,,,,,,,,,650.000₫,,,,https://cdn.tgdd.vn/Products/Images/42/97450/nokia-150-khong-the-nho-6-200x200.jpg,,,,,,,,,,
,,,Motorola Moto X4,,,,,"Màn hình: 5.2"", Full HD,HĐH: Android 7.1,CPU: Qualcomm Snapdragon 630 8 nhân,RAM: 4 GB, ROM: 64 GB,Camera: 12 MP và 8 MP (2 camera), Selfie: 16 MP,PIN: 3000 mAh",,,,,,,,,,,,,,,,8.990.000₫,,,,https://cdn2.tgdd.vn/Products/Images/42/113327/motorola-moto-x4-den-400x400.jpg,,,,,,,,,,
,,,Motorola Moto G5S Plus,,,,,"Màn hình: 5.5"", Full HD,HĐH: Android 7.1,CPU: Snapdragon 625 8 nhân 64-bit,RAM: 4 GB, ROM: 32 GB,Camera: 2 camera 13 MP, Selfie: 8 MP,PIN: 3000 mAh",,,,,,,,,,,,,,,,6.990.000₫,,,,https://cdn1.tgdd.vn/Products/Images/42/111446/motorola-moto-g5s-plus-hh-400x400.jpg,,,,,,,,,,
,,,Motorola Moto E4 Plus,,,,,"Màn hình: 5.5"", HD,HĐH: Android 7.1,CPU: MT6737 4 nhân,RAM: 3 GB, ROM: 32 GB,Camera: 13 MP, Selfie: 5 MP,PIN: 5000 mAh",,,,,,,,,,,,,,,,3.290.000₫,,,,https://cdn2.tgdd.vn/Products/Images/42/106282/motorola-moto-e4-plus-hh-400x400.jpg,,,,,,,,,,
,,,Mobell Nova P3,,,,,"Màn hình: 5.5"", HD,HĐH: Android 7.0,CPU: MT6580 4 nhân,RAM: 2 GB, ROM: 16 GB,Camera: 8 MP, Selfie: 8 MP,PIN: 3250 mAh, SIM: 2 SIM",,,,,,,,,,,,,,,,2.390.000₫,,,,https://cdn4.tgdd.vn/Products/Images/42/139909/mobell-nova-p3-300-200x200.jpg,,,,,,,,,,
,,,Itel P51,,,,,"Màn hình: 5.5"", HD,HĐH: Android 7.0 ,CPU: Mediatek MT6580 4 nhân,RAM: 1 GB, ROM: 16 GB,Camera: 8 MP, Selfie: 2 MP,PIN: 5000 mAh, 2 SIM,1 đổi 1 trong 100 ngày sản phẩm lỗi",,,,,,,,,,,,,,,,2.090.000₫,,,,https://cdn2.tgdd.vn/Products/Images/42/138842/itel-p51-vang-300-200x200.jpg,,,,,,,,,,
,,,Oppo F5,,,,,"Màn hình: 6"", FullHD+,HĐH: ColorOS 3.2 (Android 7.1),CPU: Helio P23 8 nhân,RAM: 4 GB, ROM: 32 GB,Camera: 16 MP, Selfie: 20 MP,PIN: 3200 mAh",,,,,,,,,,,,,,,,6.990.000₫,,,,https://cdn.tgdd.vn/Products/Images/42/131915/oppo-f5-red-600x600-400x400.jpg,,,,,,,,,,
,,,OPPO F5 Youth,,,,,"Màn hình: 6"", FullHD+,HĐH: ColorOS 3.2 (Android 7.1),CPU: Mediatek Helio P23,RAM: 3 GB, ROM: 32 GB,Camera: 13 MP, Selfie: 16 MP,PIN: 3200 mAh",,,,,,,,,,,,,,,,5.990.000₫,,,,"https://cdn3.tgdd.vn/Products/Images/42/141763/oppo-f5-youth-vang-hong-6001-400x400.jpg,",,,,,,,,,,
,,,iPhone 7 32GB,,,,,"Màn hình: 4.7"", Retina HD,HĐH: iOS 11,CPU: Apple A10 Fusion 4 nhân,RAM: 2 GB, ROM: 32 GB,Camera: 12 MP, Selfie: 7 MP,PIN: 1960 mAh, SIM: 1 SIM",,,,,,,,,,,,,,,,15.990.000₫,,,,https://cdn.tgdd.vn/Products/Images/42/74110/iphone-7-hh-400x400.jpg,,,,,,,,,,
,,,iPhone 6s Plus 32GB,,,,,"Màn hình: 5.5"", Retina HD,HĐH: iOS 11,CPU: Apple A9 2 nhân 64-bit,RAM: 2 GB, ROM: 32 GB,Camera: 12 MP, Selfie: 5 MP,PIN: 2750 mAh",,,,,,,,,,,,,,,,13.990.000₫,,,,https://cdn1.tgdd.vn/Products/Images/42/87846/iphone-6s-plus-32gb-hh-400x400.jpg,,,,,,,,,,
,,,iPhone 6s 32GB,,,,,"Màn hình: 4.7"", Retina HD,HĐH: iOS 11,CPU: Apple A9 2 nhân,RAM: 2 GB, ROM: 32 GB,Camera: 12 MP, Selfie: 5 MP,PIN: 1715 mAh, SIM: 1 Sim",,,,,,,,,,,,,,,,12.490.000₫,,,,https://cdn2.tgdd.vn/Products/Images/42/87842/iphone-6s-32gb-vang-dong-1-400x400.png,,,,,,,,,,
,,,iPhone 6 32GB,,,,,"Màn hình: 4.7"", Retina HD,HĐH: iOS 11,CPU: Apple A8 2 nhân 64-bit,RAM: 1 GB, ROM: 32 GB,Camera: 8 MP, Selfie: 1.2 MP,PIN: 1810 mAh",,,,,,,,,,,,,,,,6.990.000₫,,,,https://cdn2.tgdd.vn/Products/Images/42/92962/iphone-6-32gb-gold-hh-400x400.jpg,,,,,,,,,,
,,,Asus Zenfone 4 Max Pro ZC554KL,,,,,"Màn hình: 5.5"", HD,HĐH: Android 7.1,CPU: Qualcomm Snapdragon 430 8 nhân 64 bit,RAM: 3 GB, ROM: 32 GB,Camera: 16 MP và 5 MP (2 camera), Selfie: 16 MP,PIN: 5000 mAh",,,,,,,,,,,,,,,,4.690.000₫,,,,https://cdn2.tgdd.vn/Products/Images/42/112432/asus-zenfone-4-max-pro-zc554kl-hh-400x400.jpg,,,,,,,,,,
,,,Asus Zenfone 4 Max ZC520KL,,,,,"Màn hình: 5.2"", HD,HĐH: Android 7.1,CPU: Snapdragon 425 4 nhân,RAM: 3 GB, ROM: 32 GB,Camera: 5MP&13MP, Selfie: 8 MP,PIN: 4100 mAh",,,,,,,,,,,,,,,,3.490.000₫,,,,https://cdn.tgdd.vn/Products/Images/42/139760/asus-zenfone-4-max-zc520kl-300-200x200.jpg,,,,,,,,,,
,,,Asus Zenfone Live ZB501KL,,,,,"Màn hình: 5"", HD,HĐH: Android 6.0,CPU: Qualcomm Snapdragon 400 4 nhân,RAM: 2 GB, ROM: 16 GB,Camera: 13 MP, Selfie: 5 MP,PIN: 2650 mAh, SIM: 2 SIM",,,,,,,,,,,,,,,,2.990.000₫,,,,https://cdn2.tgdd.vn/Products/Images/42/100492/asus-zenfone-live-zb501kl-300-1-200x200.jpg,,,,,,,,,,
,,,Asus Zenfone 2 Go ZB500KG,,,,,"Màn hình: 5"", FWVGA,HĐH: Android 5.1 (Lollipop),CPU: Qualcomm Snapdragon 200 4 nhân,RAM: 1 GB, ROM: 8 GB,Camera: 8 MP, Selfie: 2 MP,PIN: 2600 mAh, SIM: 2 SIM",,,,,,,,,,,,,,,,1.490.000₫,,,,https://cdn1.tgdd.vn/Products/Images/42/93146/asus-zenfone-2-go-zb500kg-300-200x200.jpg,,,,,,,,,,
,,,Vivo V5s,,,,,"Màn hình: 5.5"", HD,HĐH: Funtouch OS 3.0 (nền tảng Android 6.0),CPU: Mediatek MT6750 8 nhân,RAM: 4 GB, ROM: 64 GB,Camera: 13 MP, Selfie: 20 MP,PIN: 3000 mAh",,,,,,,,,,,,,,,,5.190.000₫,,,,https://cdn1.tgdd.vn/Products/Images/42/108821/vivo-1713-v5s-hh-400x400.jpg,,,,,,,,,,
,,,Vivo Y69,,,,,"Màn hình: 5.5"", HD,HĐH: Android 7.0,CPU: Mediatek MT6750 8 nhân,RAM: 3 GB, ROM: 32 GB,Camera: 13 MP, Selfie: 16 MP,PIN: 3000 mAh",,,,,,,,,,,,,,,,4.690.000₫,,,,https://cdn3.tgdd.vn/Products/Images/42/112973/vivo-y69-hh-400x400.jpg,,,,,,,,,,
,,,Vivo Y55s,,,,,"Màn hình: 5.2"", HD,HĐH: Android 6.0,CPU: Snapdragon 425 4 nhân,RAM: 2 GB, ROM: 16 GB,Camera: 13 MP, Selfie: 5 MP,PIN: 2730mAh, SIM: 2 SIM",,,,,,,,,,,,,,,,3.990.000₫,,,,https://cdn.tgdd.vn/Products/Images/42/108820/vivo-1610-y55s-hh-400x400.jpg,,,,,,,,,,
,,,HTC U Play,,,,,"Màn hình: 5.2"", Full HD,HĐH: Android 6.0 (Marshmallow),CPU: MTK Helio P10 8 nhân 64-bit,RAM: 3GB, ROM: 32GB,Camera: 16 MP, Selfie: 16 MP,PIN: 2500 mAh, SIM: 2 SIM",,,,,,,,,,,,,,,,4.190.000₫,,,,https://cdn.tgdd.vn/Products/Images/42/91060/htc-u-play-200x200.jpg,,,,,,,,,,
,,,Sony Xperia XA1 Plus,,,,,"Màn hình: 5.5"", Full HD,HĐH: Android 7.0,CPU: Mediatek Helio P20,RAM: 4 GB, ROM: 32 GB,Camera: 23 MP, Selfie: 8 MP,PIN: 3430 mAh",,,,,,,,,,,,,,,,6.190.000₫,,,,https://cdn3.tgdd.vn/Products/Images/42/112833/sony-xperia-xa1-plus-ava-200x200.jpg,,,,,,,,,,
,,,Sony Xperia XA1 Plus (Vàng),,,,,"Màn hình: 5.5"", Full HD,HĐH: Android 7.0,CPU: Mediatek Helio P20,RAM: 4 GB, ROM: 32 GB,Camera: 23 MP, Selfie: 8 MP,PIN: 3430 mAh",,,,,,,,,,,,,,,,6.190.000₫,,,,https://cdn4.tgdd.vn/Products/Images/42/151859/sony-xperia-xa1-plus-vang-16-400x400.jpg,,,,,,,,,,
,,,Sony Xperia XA1,,,,,"Màn hình: 5.0"", HD,HĐH: Android 7.0,CPU: Helio P20, 8 nhân,RAM: 3GB; ROM: 32GB,Camera: 23MP, Selfie: 8MP,PIN: 2300 mAh, SIM: 2 SIM",,,,,,,,,,,,,,,,5.790.000₫,,,,https://cdn1.tgdd.vn/Products/Images/42/92081/sony-xperia-xa1-hh-400x400.jpg,,,,,,,,,,
,,,Bphone 2017,,,,,"Màn hình: 5.5"", Full HD,HĐH: B-OS (Android 7.1),CPU: Snapdragon 625 8 nhân 64-bit,RAM: 3 GB, ROM: 32 GB,Camera: 16 MP, Selfie: 8 MP,PIN: 3000 mAh",,,,,,,,,,,,,,,,9.790.000₫,,,,https://cdn1.tgdd.vn/Products/Images/42/75001/bkav-bphone-2-thumb-200x200.jpg,,,,,,,,,,
,,,Philips S329,,,,,"Màn hình: 5"", HD,HĐH: Android 7.0 (Nougat),CPU: Mediatek MT6750 8 nhân,RAM: 3 GB, ROM: 16 GB,Camera: 13 MP, Selfie: 5 MP,PIN: 3000 mAh",,,,,,,,,,,,,,,,2.790.000₫,,,,https://cdn1.tgdd.vn/Products/Images/42/143146/philips-s329-2-200x200.jpg,,,,,,,,,,
,,,Mobiistar Prime X Max 2018,,,,,"Màn hình: 6"", HD+,HĐH: Android 7.0,CPU: MediaTek Helio P25 8 nhân,RAM: 4 GB, ROM: 64 GB,Camera: 13 MP và 5 MP (2 camera), Selfie: 2 Camera 20 MP + 8 MP,PIN: 4010 mAh",,,,,,,,,,,,,,,,5.990.000₫,,,,https://cdn2.tgdd.vn/Products/Images/42/118207/mobiistar-prime-x-max-2018-hh-400x400.jpg,,,,,,,,,,
,,,Samsung Galaxy S9,,,,,"Màn hình: 5.8"", Quad HD+ (2K+),HĐH: Android 8.0,CPU: Exynos 9810 8 nhân,RAM: 4 GB, ROM: 64 GB,Camera: 12 MP, Selfie: 8 MP,PIN: 3000 mAh",,,,,,,,,,,,,,,,19.990.000₫,,,,https://cdn3.tgdd.vn/Products/Images/42/113263/samsung-galaxy-s9-4-400x400.jpg,,,,,,,,,,
,,,Samsung Galaxy S8 Plus,,,,,"Màn hình: 6.2"", Quad HD+ (2K+),HĐH: Android 7.0,CPU: Exynos 8895 8 nhân 64-bit,RAM: 4 GB, ROM: 64 GB,Camera: 12 MP, Selfie: 8 MP,PIN: 3500 mAh",,,,,,,,,,,,,,,,17.990.000₫,,,,https://cdn1.tgdd.vn/Products/Images/42/91131/samsung-galaxy-s8-plus-hh-600x600-400x400.jpg,,,,,,,,,,
,,,Nokia 130 (2017),,,,,"Màn hình: QQVGA, 1.8 inches,Hỗ trợ 2 SIM 2 sóng​,Hỗ trợ thẻ nhớ: 32GB,Pin: 1020 mAh",,,,,,,,,,,,,,,,520.000₫,,,,https://cdn3.tgdd.vn/Products/Images/42/109608/nokia-130-2017-mo-ta-den-200x200.jpg,,,,,,,,,,
,,,Nokia 105 Dual Sim (2017),,,,,"Màn hình: QQVGA, 1.8 inches,Hỗ trợ 2 SIM 2 sóng​,Danh bạ: 2000 số,Pin: 800 mAh",,,,,,,,,,,,,,,,360.000₫,,,,https://cdn.tgdd.vn/Products/Images/42/109610/nokia-105-2017-300-200x200.jpg,,,,,,,,,,
,,,Nokia 105 Single Sim (2017),,,,,"Màn hình: QQVGA, 1.8 inches,Hỗ trợ 1 SIM,Danh bạ: 2000 số,Pin: 800 mAh",,,,,,,,,,,,,,,,350.000₫,,,,https://cdn4.tgdd.vn/Products/Images/42/112269/nokia-105-single-sim-2017-den-200x200.jpg,,,,,,,,,,
,,,Motorola Moto C Plus,,,,,"Màn hình: 5"", HD,HĐH: Android 7.0 (Nougat),CPU: MT6737 4 nhân,RAM: 2 GB, ROM: 16 GB,Camera: 8 MP, Selfie: 2 MP,PIN: 4000mAh, SIM: 2 SIM",,,,,,,,,,,,,,,,2.590.000₫,,,,https://cdn.tgdd.vn/Products/Images/42/109200/motorola-moto-c-plus-hh1-400x400.jpg,,,,,,,,,,
,,,Motorola Moto C 4G,,,,,"Màn hình: 5"", FWVGA,HĐH: Android 7.1,CPU: MT6737 4 nhân,RAM: 1 GB, ROM: 16 GB,Camera: 5 MP, Selfie: 2 MP,PIN: 2350 mAh",,,,,,,,,,,,,,,,1.990.000₫,,,,https://cdn4.tgdd.vn/Products/Images/42/109099/motorola-moto-c-4g-300-200x200.jpg,,,,,,,,,,
,,,Mobell Nova F7 Pro,,,,,"Màn hình: 5"", HD,HĐH: Android 6.0 (Marshmallow),CPU: MT6580 4 nhân 32-bit,RAM: 2 GB, ROM: 16 GB,Camera: 8 MP, Selfie: 5 MP,PIN: 2100 mAh",,,,,,,,,,,,,,,,2.090.000₫,,,,https://cdn3.tgdd.vn/Products/Images/42/102188/mobell-nova-f7-pro-300-1-200x200.jpg,,,,,,,,,,
,,,Itel S31,,,,,"Màn hình: 5.5"", HD,HĐH: Android 6.0 (Marshmallow),CPU: MT6580 4 nhân 32-bit,RAM: 1 GB, ROM: 16 GB,Camera: 5 MP, Selfie: 5 MP,PIN: 2400 mAh",,,,,,,,,,,,,,,,1.990.000₫,,,,https://cdn1.tgdd.vn/Products/Images/42/107716/itel-s31-200x200.jpg,,,,,,,,,,
,,,Itel S11 Plus,,,,,"Màn hình: 5"", FWVGA,HĐH: Android 6.0 (Marshmallow),CPU: MT6580M 4 nhân 32-bit,RAM: 2 GB, ROM: 8 GB,Camera: 5 MP, Selfie: 5 MP,PIN: 2400 mAh",,,,,,,,,,,,,,,,1.790.000₫,,,,https://cdn1.tgdd.vn/Products/Images/42/106251/itel-s11-plus-300-200x200.jpg,,,,,,,,,,
,,,Itel it1516 Plus,,,,,"Màn hình: 5"", FWVGA,HĐH: Android 5.1,CPU: Spreadtrum SC7731,RAM: 1 GB, ROM: 8 GB,Camera: 5 MP, Selfie: 2 MP,PIN: 5000 mAh",,,,,,,,,,,,,,,,1.550.000₫,,,,https://cdn1.tgdd.vn/Products/Images/42/91776/itel-it1516-plus-200x200.jpg,,,,,,,,,,
,,,OPPO A83,,,,,"Màn hình: 5.7"", HD+,HĐH: Android 7.1,CPU: Mediatek Helio P23,RAM: 3 GB, ROM: 32 GB,Camera: 13 MP, Selfie: 8 MP,PIN: 3180 mAh",,,,,,,,,,,,,,,,4.990.000₫,,,,https://cdn.tgdd.vn/Products/Images/42/145295/oppo-a83-600x600-200x200.jpg,,,,,,,,,,
,,,OPPO A83 2018 (không tai nghe),,,,,"Màn hình: 5.7"", HD+,HĐH: Android 7.1 (Nougat),CPU: Mediatek Helio P23,RAM: 3 GB, ROM: 32 GB,Camera: 13 MP, Selfie: 8 MP,PIN: 3180 mAh",,,,,,,,,,,,,,,,Hàng sắp về,,,,https://cdn2.tgdd.vn/Products/Images/42/165022/oppo-a83-2018-khong-tai-nghe-xanh-duong-400x400.jpg,,,,,,,,,,
,,,Vivo Y71,,,,,"Màn hình: 6.0"", HD+,HĐH: Android 8.1 (Oreo),CPU: Qualcomm Snapdragon 425 4 nhân 64-bit,RAM: 3 GB, ROM: 16 GB,Camera: 13 MP, Selfie: 5 MP,PIN: 3360 mAh",,,,,,,,,,,,,,,,3.990.000₫,,,,https://cdn.tgdd.vn/Products/Images/42/158585/vivo-y71-vang-400x400.jpg,,,,,,,,,,
,,,Vivo Y53,,,,,"Màn hình: 5"", qHD,HĐH: Android 6.0,CPU: MSM8917 4 nhân,RAM: 2 GB, ROM: 16 GB,Camera: 8 MP, Selfie: 5 MP,PIN: 2500mAh, SIM: 2 SIM",,,,,,,,,,,,,,,,3.390.000₫,,,,https://cdn4.tgdd.vn/Products/Images/42/108819/vivo-1606-y53-hh-400x400.jpg,,,,,,,,,,
,,,Sony Xperia L2,,,,,"Màn hình: 5.5"", HD,HĐH: Android 7.1,CPU: MT6737T, 4 nhân,RAM: 3 GB, ROM: 32 GB,Camera: 13 MP, Selfie: 8 MP,PIN: 3300 mAh",,,,,,,,,,,,,,,,5.490.000₫,,,,https://cdn2.tgdd.vn/Products/Images/42/148927/sony-xperia-l2-vang-nh-400x400.jpg,,,,,,,,,,
,,,Sony Xperia L1,,,,,"Màn hình: 5.5"", HD,HĐH: Android 7.0,CPU: MT6737T, 4 nhân,RAM: 2 GB, ROM: 16 GB,Camera: 13 MP, Selfie: 5 MP,PIN: 2620 mAh",,,,,,,,,,,,,,,,3.590.000₫,,,,https://cdn3.tgdd.vn/Products/Images/42/106538/sony-xperia-l1-hh-400x400.jpg,,,,,,,,,,
,,,Sony Xperia L1 (Trắng),,,,,"Màn hình: 5.5"", HD,HĐH: Android 7.0,CPU: MT6737T, 4 nhân,RAM: 2 GB, ROM: 16 GB,Camera: 13 MP, Selfie: 5 MP,PIN: 2620 mAh",,,,,,,,,,,,,,,,3.590.000₫,,,,https://cdn1.tgdd.vn/Products/Images/42/133496/sony-xperia-l1-trang-400x400.jpg,,,,,,,,,,
,,,Philips S327,,,,,"Màn hình: 5.5"", HD,HĐH: Android 7.0,CPU: MT6737 4 nhân,RAM: 2 GB, ROM: 16 GB,Camera: 8 MP, Selfie: 5 MP,PIN: 3000 mAh, SIM: 2 SIM",,,,,,,,,,,,,,,,2.390.000₫,,,,https://cdn1.tgdd.vn/Products/Images/42/139741/philips-s327-300-200x200.jpg,,,,,,,,,,
,,,Philips E570,,,,,"Màn hình: QVGA, 2.8inches,Hỗ trợ: 2 SIM 2 sóng,Danh bạ: 1000 số,Camera: 2 MP ,Dung lượng pin: 3160 mAh",,,,,,,,,,,,,,,,990.000₫,,,,https://cdn3.tgdd.vn/Products/Images/42/92068/philips-e570-200x200.jpg,,,,,,,,,,
,,,Philips E331,,,,,"Màn hình: QVGA, 2.4inches,Hỗ trợ: 2 SIM 2 sóng,Danh bạ: 1000 số,Camera: 0.3 MP ,Dung lượng pin: 1600 mAh",,,,,,,,,,,,,,,,990.000₫,,,,https://cdn2.tgdd.vn/Products/Images/42/139742/philips-e331-xenium-300-200x200.jpg,,,,,,,,,,
,,,Mobiistar Zumbo S2 Dual,,,,,"Màn hình: 5.5"", Full HD,HĐH: Android 7.0,CPU: MT6737T, 4 nhân,RAM: 3 GB, ROM: 32 GB,Camera: 13 MP, Selfie: 13 MP và 8 MP,PIN: 3000 mAh",,,,,,,,,,,,,,,,3.290.000₫,,,,https://cdn.tgdd.vn/Products/Images/42/113175/mobiistar-zumbo-s2-dual-200x200.jpg,,,,,,,,,,
,,,Mobiistar E Selfie,,,,,"Màn hình: 6"", HD+ (tỉ lệ 18:9),HĐH: Android 7.0,CPU: MT6739, 4 nhân,RAM: 2 GB, ROM: 16 GB,Camera: 13 MP, Selfie: 13 MP,PIN: 3900 mAh, SIM: 2 SIM",,,,,,,,,,,,,,,,2.990.000₫,,,,https://cdn2.tgdd.vn/Products/Images/42/158067/mobiistar-e-selfie-300-1copy-400x400.jpg,,,,,,,,,,
,,,Mobiistar Zumbo S2,,,,,"Màn hình: 5.5"", FHD,HĐH: Android 7.0 (Nougat),CPU: MTK MT6737T 4 nhân,RAM: 3 GB, ROM: 16 GB,Camera: 13 MP, Selfie: 13 MP,PIN: 3000 mAh, SIM: 2 SIM",,,,,,,,,,,,,,,,2.990.000₫,,,,https://cdn1.tgdd.vn/Products/Images/42/103401/mobiistar-lai-zumbo-s2-300-200x200.jpg,,,,,,,,,,
,,,Samsung Galaxy S8,,,,,"Màn hình: 5.8"", Quad HD+ (2K+),HĐH: Android 7.0 (Nougat),CPU: Exynos 8895 8 nhân 64-bit,RAM: 4 GB, ROM: 64 GB,Camera: 12 MP, Selfie: 8 MP,PIN: 3000 mAh",,,,,,,,,,,,,,,,15.990.000₫,,,,"https://cdn4.tgdd.vn/Products/Images/42/78479/samsung-galaxy-s8-4-200x200.jpg,https://cdn2.tgdd.vn/Products/Images/2102/121752/phieu-mua-hang-400000d-1-100x100.jpg",,,,,,,,,,
,,,Samsung Galaxy A8+ (2018),,,,,"Màn hình: 6"", FullHD+,HĐH: Android 7.1,CPU: Exynos 7885 8 nhân,RAM: 6 GB, ROM: 64 GB,Camera: 16MP, Selfie: 16MP + 8MP,PIN: 3500 mAh",,,,,,,,,,,,,,,,13.490.000₫,,,,"https://cdn.tgdd.vn/Products/Images/42/142465/samsung-galaxy-a8-plus-2018-hh-400x400.jpg,https://cdn3.tgdd.vn/Products/Images/2102/113543/phieu-mua-hang-250000d-1-100x100.jpg",,,,,,,,,,
,,,Samsung Galaxy A8 (2018),,,,,"Màn hình: 5.6"", FullHD+,HĐH: Android 7.1,CPU: Exynos 7885,RAM: 4 GB, ROM: 32 GB,Camera: 16 MP, Selfie: 16 MP và 8 MP,PIN: 3000 mAh",,,,,,,,,,,,,,,,10.990.000₫,,,,"https://cdn3.tgdd.vn/Products/Images/42/142463/samsung-galaxy-a8-2018-hh-400x400.jpg,https://cdn3.tgdd.vn/Products/Images/2102/113543/phieu-mua-hang-250000d-1-100x100.jpg",,,,,,,,,,
,,,Mobell Nova i6,,,,,"Màn hình: 5"", HD,HĐH: Android 5.1 (Lollipop),CPU: MT6580 4 nhân,RAM: 1 GB, ROM: 8 GB,Camera: 8 MP, Selfie: 2 MP,PIN: 2100 mAh, SIM: 2 SIM",,,,,,,,,,,,,,,,1.690.000₫,,,,https://cdn2.tgdd.vn/Products/Images/42/74137/mobell-nova-i6-12-200x200.jpg,,,,,,,,,,
,,,Mobell S50,,,,,"Màn hình: 5"", FWVGA,HĐH: Android 7.0,CPU: Spreadtrum SC7731 4 nhân 32-bit,RAM: 1 GB, ROM: 16 GB,Camera: 5 MP, Selfie: 5 MP,PIN: 2700 mAh",,,,,,,,,,,,,,,,1.590.000₫,,,,https://cdn4.tgdd.vn/Products/Images/42/148854/mobell-s50-300-200x200.jpg,,,,,,,,,,
,,,Mobell Nova i4,,,,,"Màn hình: 5"", HD,HĐH: Android 6.0 (Marshmallow),CPU: MT6580 4 nhân,RAM: 1 GB, ROM: 8 GB,Camera: 8 MP, Selfie: 5 MP,PIN: 3300 mAh, SIM: 2 SIM",,,,,,,,,,,,,,,,1.490.000₫,,,,https://cdn.tgdd.vn/Products/Images/42/84915/mobell-nova-i4-7-200x200.jpg,,,,,,,,,,
,,,Mobell S40,,,,,"Màn hình: 5"", FWVGA,HĐH: Android 7.0,CPU: Spreadtrum SC7731 4 nhân 32-bit,RAM: 1 GB, ROM: 8 GB,Camera: 5 MP, Selfie: 5 MP,PIN: 2600 mAh",,,,,,,,,,,,,,,,1.350.000₫,,,,https://cdn3.tgdd.vn/Products/Images/42/145738/mobell-s40-300-200x200.jpg,,,,,,,,,,
,,,Mobell S30,,,,,"Màn hình: 4.5"", FWVGA,HĐH: Android 6.0 (Marshmallow),CPU: Cortex-A7 4 nhân,RAM: 512 MB, ROM: 4 GB,Camera: 2 MP, Selfie: 0.3 MP,PIN: 2000 mAh, SIM: 2 SIM",,,,,,,,,,,,,,,,990.000₫,,,,https://cdn3.tgdd.vn/Products/Images/42/103728/mobell-s30-300-200x200.jpg,,,,,,,,,,
,,,Itel it1508 Plus,,,,,"Màn hình: 5"", FWVGA,HĐH: Android 5.1,CPU: Spreadtrum SC7731,RAM: 1 GB, ROM: 8 GB,Camera: 5 MP, Selfie: 2 MP,PIN: 2400 mAh",,,,,,,,,,,,,,,,1.290.000₫,,,,https://cdn.tgdd.vn/Products/Images/42/91775/itel-it1508-plus-200x200.jpg,,,,,,,,,,
,,,Itel A13,,,,,"Màn hình: 5"", FWVGA,HĐH: Android 6.0,CPU: Spreadtrum SC7731,RAM: 512 MB, ROM: 8 GB,Camera: 5 MP, Selfie: 2 MP,PIN: 2400 mAh",,,,,,,,,,,,,,,,1.090.000₫,,,,https://cdn1.tgdd.vn/Products/Images/42/132956/itel-a13-h1-200x200.jpg,,,,,,,,,,
,,,OPPO F3 Lite (A57),,,,,"Màn hình: 5.2"", HD,HĐH: Android 6.0 (Marshmallow),CPU: Snapdragon 435 8 nhân,RAM: 3 GB, ROM: 32 GB,Camera: 13 MP, Selfie: 16 MP,PIN: 2900 mAh, SIM: 2 SIM",,,,,,,,,,,,,,,,3.990.000₫,,,,https://cdn2.tgdd.vn/Products/Images/42/89422/oppo-a57-14-200x200.jpg,,,,,,,,,,
,,,OPPO A71 32GB (2018),,,,,"Màn hình: 5.2"", HD,HĐH: Android 7.1 (Nougat),CPU: Qualcomm Snapdragon 450,RAM: 3 GB, ROM: 32 GB,Camera: 13 MP, Selfie: 5 MP,PIN: 3000 mAh",,,,,,,,,,,,,,,,4.190.000₫,,,,https://cdn.tgdd.vn/Products/Images/42/158280/oppo-a71-32gb-2018-400x400.jpg,,,,,,,,,,
,,,OPPO A71 (2018),,,,,"Màn hình: 5.2"", HD,HĐH: Android 7.1,CPU: Qualcomm Snapdragon 450,RAM: 2 GB, ROM: 16 GB,Camera: 13 MP, Selfie: 5 MP,PIN: 3000 mAh",,,,,,,,,,,,,,,,3.690.000₫,,,,https://cdn3.tgdd.vn/Products/Images/42/149778/oppo-a71-2018-hong-200x200.jpg,,,,,,,,,,
,,,Philips E181,,,,,"Màn hình: 2.4"", QVGA,Camera: 0.3MP,Hỗ trợ thẻ nhớ: 32GB,Danh bạ: 250 số,Pin: 3100 mAh, 2 SIM,Chức năng: Pin khủng",,,,,,,,,,,,,,,,590.000₫,,,,https://cdn2.tgdd.vn/Products/Images/42/77852/philips-e181-pp-1-200x200.jpg,,,,,,,,,,
,,,Philips E170,,,,,"Màn hình: QVGA, 2.4 inch,Hỗ trợ: 2 SIM 2 sóng,Hỗ trợ thẻ nhớ: 32GB,Danh bạ: 1000 số,Camera: VGA,Pin: 2070 mAh",,,,,,,,,,,,,,,,590.000₫,,,,https://cdn4.tgdd.vn/Products/Images/42/75214/philips-e170-200x200.jpg,,,,,,,,,,
,,,Philips E316,,,,,"Màn hình: QVGA, 2.8inches,Hỗ trợ: 2 SIM 2 sóng,Danh bạ: 1000 số,Camera: 0.3 MP ,Dung lượng pin: 1600 mAh",,,,,,,,,,,,,,,,550.000₫,,,,https://cdn3.tgdd.vn/Products/Images/42/108563/philips-e316-200x200.jpg,,,,,,,,,,
,,,Mobiistar Lai Zumbo S (2017),,,,,"Màn hình: 5.5"", HD,HĐH: Android 7.0 (Nougat),CPU: MTK MT6737 4 nhân,RAM: 2 GB, ROM: 16 GB,Camera: 8 MP, Selfie: 8 MP,PIN: 4000 mAh, SIM: 2 SIM",,,,,,,,,,,,,,,,2.590.000₫,,,,https://cdn.tgdd.vn/Products/Images/42/112775/mobiistar-zumbo-s-2017-300-200x200.jpg,,,,,,,,,,
,,,Mobiistar Zumbo J2,,,,,"Màn hình: 5.2"", HD,HĐH: Android 7.0 (Nougat),CPU: MTK MT6737 4 nhân,RAM: 2 GB, ROM: 16 GB,Camera: 13 MP, Selfie: 13 MP,PIN: 3000 mAh, SIM: 2 SIM",,,,,,,,,,,,,,,,2.350.000₫,,,,https://cdn4.tgdd.vn/Products/Images/42/103399/mobiistar-zumbo-j2-300-a-200x200.jpg,,,,,,,,,,
,,,Mobiistar Lai Zumbo S Lite (2017),,,,,"Màn hình: 5.5"", HD,HĐH: Android 7.0 (Nougat),CPU: MTK MT6737 4 nhân,RAM: 1 GB, ROM: 8 GB,Camera: 8 MP, Selfie: 5 MP,PIN: 4000 mAh, SIM: 2 SIM",,,,,,,,,,,,,,,,1.990.000₫,,,,https://cdn1.tgdd.vn/Products/Images/42/112776/mobiistar-zumbo-s-lite-2017-300-200x200.jpg,,,,,,,,,,
,,,Mobiistar Zumbo Power,,,,,"Màn hình: 5.2"", FWGA,HĐH: Android 7.0,CPU: MT6580, 4 nhân,RAM: 1 GB, ROM: 8 GB,Camera: 5 MP, Selfie: 5 MP,PIN: 4000 mAh, SIM: 2 SIM",,,,,,,,,,,,,,,,1.650.000₫,,,,https://cdn3.tgdd.vn/Products/Images/42/151703/mobiistar-zumbo-power-300-200x200.jpg,,,,,,,,,,
,,,Mobiistar Lai Yuna 1,,,,,"Màn hình: 5"", HD,HĐH: Android 7.0,CPU: MT6580 4 nhân 32-bit,RAM: 1 GB, ROM: 8 GB,Camera: 8 MP, Selfie: 5 MP,PIN: 2300 mAh",,,,,,,,,,,,,,,,1.550.000₫,,,,https://cdn3.tgdd.vn/Products/Images/42/91748/mobiistar-lai-yuna-1-300-200x200.jpg,,,,,,,,,,
,,,Mobiistar Zoro 4G,,,,,"Màn hình: 5"", FWGA,HĐH: Android 7.0,CPU: Cortex-A7 4 nhân,RAM: 1 GB, ROM: 8 GB,Camera: 5 MP, Selfie: 2 MP,PIN: 2100 mAh, SIM: 2 SIM",,,,,,,,,,,,,,,,1.390.000₫,,,,https://cdn2.tgdd.vn/Products/Images/42/103632/mobiistar-lai-zoro-lte-200x200.jpg,,,,,,,,,,
,,,Samsung Galaxy C9 Pro,,,,,"Màn hình: 6"", Full HD,HĐH: Android 6.0 (Marshmallow),CPU: Snapdragon 653 8 nhân,RAM: 6 GB, ROM: 64 GB,Camera: 16 MP, Selfie: 16 MP,PIN: 4000 mAh",,,,,,,,,,,,,,,,9.990.000₫,,,,https://cdn2.tgdd.vn/Products/Images/42/88397/samsung-galaxy-c9-pro2-200x200.jpg,,,,,,,,,,
,,,Mobell M889,,,,,"Màn hình: 2.4"", QVGA,Camera: 0.3MP,Hỗ trợ thẻ nhớ: 32GB,Danh bạ: 300 số,Hỗ trợ: 2 SIM 2 sóng,Pin: 1000mAh",,,,,,,,,,,,,,,,730.000₫,,,,https://cdn3.tgdd.vn/Products/Images/42/149318/mobell-m-889-600-400x400.jpg,,,,,,,,,,
,,,Mobell M789,,,,,"Màn hình: 2.4"", QVGA,Camera: 0.08MP,Hỗ trợ thẻ nhớ: 32GB,Hỗ trợ: 2 SIM 2 sóng,Pin: 1200mAh",,,,,,,,,,,,,,,,610.000₫,,,,https://cdn1.tgdd.vn/Products/Images/42/92016/mobell-m789-8-200x200.jpg,,,,,,,,,,
,,,Mobell Rock 3,,,,,"Màn hình: 2.4"", QVGA,Camera: 0.08MP,Hỗ trợ thẻ nhớ: 8GB,Hỗ trợ: 2 SIM 2 sóng,Pin: 5000mAh,Chức năng: Đèn pin, Sạc thiết bị",,,,,,,,,,,,,,,,590.000₫,,,,https://cdn2.tgdd.vn/Products/Images/42/112837/mobell-rock-3-2-200x200.jpg,,,,,,,,,,
,,,Mobell M529,,,,,"Màn hình: 2.8"", QVGA,Camera: 0.3MP,Hỗ trợ thẻ nhớ: 32GB,Hỗ trợ: 2 SIM 2 sóng,Pin: 1600mAh",,,,,,,,,,,,,,,,490.000₫,,,,https://cdn1.tgdd.vn/Products/Images/42/142346/mobell-m529-gold-300-1-200x200.jpg,,,,,,,,,,
,,,MOBELL M389,,,,,"Màn hình: 2.4"", QVGA,Camera: 0.3MP,Hỗ trợ thẻ nhớ: 32GB,Hỗ trợ: 2 SIM 2 sóng,Pin: 1200mAh",,,,,,,,,,,,,,,,420.000₫,,,,https://cdn2.tgdd.vn/Products/Images/42/77857/mobell-m389-1-1-200x200.jpg,,,,,,,,,,
,,,Itel it5630,,,,,"Màn hình: 2.8"",Camera: 2.0MP,Hỗ trợ thẻ nhớ: 32GB,Hỗ trợ: 2 SIM 2 sóng,Pin: 4000mAh,1 đổi 1 trong 100 ngày sản phẩm lỗi",,,,,,,,,,,,,,,,580.000₫,,,,https://cdn4.tgdd.vn/Products/Images/42/145424/itel-it5630-vang-400x400.jpg,,,,,,,,,,
,,,Itel it7100,,,,,"Màn hình: 3.2"",Camera: 1.3 MP & 1.3 MP,Hỗ trợ thẻ nhớ: 32GB,Hỗ trợ: 2 SIM 2 sóng,Pin: 1900mAh, Danh bạ: 3000,Chức năng: Đèn Flash,1 đổi 1 trong 100 ngày sản phẩm lỗi",,,,,,,,,,,,,,,,550.000₫,,,,https://cdn4.tgdd.vn/Products/Images/42/102779/itel-it7100-200x200.jpg,,,,,,,,,,
,,,Itel it5232,,,,,"Màn hình: 2.4"",Camera: 0.3 MP & 0.3 MP,Hỗ trợ thẻ nhớ: 32GB,Hỗ trợ: 2 SIM 2 sóng,Pin: 1900mAh,Chức năng: Đèn Flash,1 đổi 1 trong 100 ngày sản phẩm lỗi",,,,,,,,,,,,,,,,390.000₫,,,,https://cdn1.tgdd.vn/Products/Images/42/111431/itel-it5232-do-300-200x200.jpg,,,,,,,,,,
,,,OPPO A71k (2018),,,,,"Màn hình: 5.2"", HD,HĐH: ColorOS 3.2 (Android 7.1),CPU: Qualcomm Snapdragon 450,RAM: 2 GB, ROM: 16 GB,Camera: 13 MP, Selfie: 5 MP,PIN: 3000 mAh",,,,,,,,,,,,,,,,3.590.000₫,,,,https://cdn1.tgdd.vn/Products/Images/42/160716/oppo-a71-mau-xanh-2018-1-400x400.jpg,,,,,,,,,,
,,,OPPO A37 (A37fw),,,,,"Màn hình: 5"", HD,HĐH: Android 5.1 (Lollipop),CPU: Snapdragon 410 4 nhân,RAM: 2 GB, ROM: 16 GB,Camera: 8 MP, Selfie: 5 MP,PIN: 2630 mAh, SIM: 2 SIM",,,,,,,,,,,,,,,,3.290.000₫,,,,https://cdn1.tgdd.vn/Products/Images/42/103846/oppo-a37-a37fw-pp-200x200.jpg,,,,,,,,,,
,,,Philips E168,,,,,"Màn hình: QVGA, 2.4 inches,Hỗ trợ: 2 SIM 2 sóng,Danh bạ: 1000 số,Camera: VGA,Dung lượng pin: 1600 mAh",,,,,,,,,,,,,,,,490.000₫,,,,https://cdn4.tgdd.vn/Products/Images/42/104769/philips-e168-200x200.jpg,,,,,,,,,,
,,,Philips E103,,,,,"Màn hình: QQVGA, 1.77 inches,Danh bạ: 200 số,Hỗ trợ thẻ nhớ: 16 GB,Camera: 0.08 MP, 2 SIM,Pin: 1050 mAh",,,,,,,,,,,,,,,,280.000₫,,,,https://cdn2.tgdd.vn/Products/Images/42/73727/philips-e103-9-200x200.jpg,,,,,,,,,,
,,,Philips E105,,,,,"Màn hình: QQVGA, 1.7 inches,Hỗ trợ: 2 SIM 2 sóng,Danh bạ: 200 số,Camera: VGA,Dung lượng pin: 800 mAh",,,,,,,,,,,,,,,,260.000₫,,,,https://cdn4.tgdd.vn/Products/Images/42/75984/philips-e105-5-200x200.jpg,,,,,,,,,,
,,,Philips E106,,,,,"Màn hình: QQVGA, 1.7 inches,Hỗ trợ: 2 SIM 2 sóng,Danh bạ: 400 số,Dung lượng pin: 1050 mAh",,,,,,,,,,,,,,,,230.000₫,,,,https://cdn1.tgdd.vn/Products/Images/42/139641/philips-e106-300-200x200.jpg,,,,,,,,,,
,,,Mobiistar Lai Z2,,,,,"Màn hình: 5"", FWVGA,HĐH: Android 7.0 (Nougat),CPU: MTK MT6580 4 nhân,RAM: 1 GB, ROM: 8 GB,Camera: 5 MP, Selfie: 2 MP,PIN: 2000 mAh, SIM: 2 SIM",,,,,,,,,,,,,,,,1.290.000₫,,,,https://cdn.tgdd.vn/Products/Images/42/108700/mobiistar-lai-z2-300-200x200.jpg,,,,,,,,,,
,,,Mobiistar Lai Z1,,,,,"Màn hình: 5"", FWVGA,HĐH: Android 4.4 (KitKat),CPU: MTK 6572 2 nhân,RAM: 512 MB, ROM: 8 GB,Camera: 5 MP, Selfie: VGA,PIN: 2300 mAh, SIM: 2 SIM",,,,,,,,,,,,,,,,1.090.000₫,,,,https://cdn4.tgdd.vn/Products/Images/42/75064/mobiistar-lai-z1-200x200.jpg,,,,,,,,,,
,,,Mobiistar B821,,,,,"Màn hình:QVGA, 2.8 inches,Hỗ trợ: 2 SIM 2 sóng,Danh bạ: 100 số,Camera: 0.08 MP,Pin: 1800 mAh",,,,,,,,,,,,,,,,450.000₫,,,,https://cdn.tgdd.vn/Products/Images/42/90780/mobiistar-b821-200x200.jpg,,,,,,,,,,
,,,Mobiistar B821 Trắng,,,,,"Màn hình:QVGA, 2.8 inches,Hỗ trợ: 2 SIM 2 sóng,Danh bạ: 100 số,Camera: 0.08 MP,Pin: 1800 mAh",,,,,,,,,,,,,,,,390.000₫,,,,https://cdn3.tgdd.vn/Products/Images/42/138753/mobiistar-b821-trang-300-200x200.jpg,,,,,,,,,,
,,,Samsung Galaxy A6+ (2018),,,,,"Màn hình: 6"", Full HD+,HĐH: Android 8.0 (Oreo),CPU: Qualcomm Snapdragon 450,RAM: 4 GB, ROM: 32 GB,Camera: 16 MP và 5 MP (2 camera), Selfie: 24 MP,PIN: 3500 mAh",,,,,,,,,,,,,,,,Dự kiến: 8.990.000₫,,,,https://cdn3.tgdd.vn/Products/Images/42/160728/samsung-galaxy-a6-plus-2018-xanh-400x400.jpg,,,,,,,,,,
,,,Samsung Galaxy J7+,,,,,"Màn hình: 5.5"", Full HD,HĐH: Android 7.0,CPU: MediaTek Helio P25 8 nhân,RAM: 4 GB, ROM: 32 GB,Camera: 13 MP và 5 MP (2 camera), Selfie: 16 MP,PIN: 3000 mAh",,,,,,,,,,,,,,,,7.290.000₫,,,,https://cdn.tgdd.vn/Products/Images/42/112970/samsung-galaxy-j7-plus-hh-400x400.jpg,,,,,,,,,,
,,,Mobell M339,,,,,"Màn hình: 2.4"", QVGA,Camera: VGA (480 x 640 pixels),Hỗ trợ thẻ nhớ: MicroSD, hỗ trợ tối đa 32 GB,Danh bạ: 200 số,SIM: 2 SIM thường,PIN: 1000 mAh",,,,,,,,,,,,,,,,360.000₫,,,,https://cdn3.tgdd.vn/Products/Images/42/139913/mobell-m339-1-200x200.jpg,,,,,,,,,,
,,,MOBELL M228,,,,,"Màn hình: 1.77"", QVGA,Camera: VGA (480 x 640 pixels),Hỗ trợ thẻ nhớ: MicroSD, hỗ trợ tối đa 8 GB,Danh bạ: 200 số,SIM: 2 SIM thường,PIN: 800 mAh",,,,,,,,,,,,,,,,210.000₫,,,,https://cdn4.tgdd.vn/Products/Images/42/85984/mobell-m228-7-200x200.jpg,,,,,,,,,,
,,,Itel it5602,,,,,"Màn hình: 1.77"",Camera: 0.3MP,Hỗ trợ thẻ nhớ: 16GB,Hỗ trợ: 2 SIM 2 sóng,Pin: 2500mAh,1 đổi 1 trong 100 ngày sản phẩm lỗi",,,,,,,,,,,,,,,,320.000₫,,,,https://cdn2.tgdd.vn/Products/Images/42/88952/itel-it5602-6-200x200.jpg,,,,,,,,,,
,,,Itel it5070,,,,,"Màn hình: 2.4"",Camera: 1.3 MP,Hỗ trợ thẻ nhớ: 32GB,Hỗ trợ: 2 SIM 2 sóng,Pin: 1000mAh, Danh bạ: 1000,Chức năng: Đèn Pin,1 đổi 1 trong 100 ngày sản phẩm lỗi",,,,,,,,,,,,,,,,310.000₫,,,,https://cdn3.tgdd.vn/Products/Images/42/156183/itel-it5070-vang-400x400.jpg,,,,,,,,,,
,,,Itel it5020,,,,,"Màn hình: 2.4"",Camera: 2MP,Hỗ trợ thẻ nhớ: 16GB,Hỗ trợ: 2 SIM 2 sóng,Pin: 1000mAh,Chức năng: Đèn pin,1 đổi 1 trong 100 ngày sản phẩm lỗi",,,,,,,,,,,,,,,,300.000₫,,,,https://cdn4.tgdd.vn/Products/Images/42/88954/itel-it5020-6-200x200.jpg,,,,,,,,,,
,,,Itel it2180,,,,,"Màn hình: 1.77"",Camera: 1.3 MP, Selfie: 1.3 MP,Hỗ trợ thẻ nhớ: 32 GB,Hỗ trợ: 2 SIM 2 sóng,Pin: 1000 mAh,Chức năng: Đèn pin,(Không có Rung khi nhận cuộc gọi)",,,,,,,,,,,,,,,,220.000₫,,,,https://cdn2.tgdd.vn/Products/Images/42/88652/itel-it2180-8-200x200.jpg,,,,,,,,,,
,,,Itel it2123,,,,,"Màn hình: 1.77"", WVGA,Camera: Không có,Hỗ trợ thẻ nhớ: MicroSD, hỗ trợ tối đa 32 GB,Danh bạ: 500 số,SIM: 2 SIM thường,PIN: 1000 mAh",,,,,,,,,,,,,,,,160.000₫,,,,https://cdn1.tgdd.vn/Products/Images/42/146651/itel-it2123-d-300-200x200.jpg,,,,,,,,,,
,,,Mobiistar B242i,,,,,"Màn hình: QVGA, 2.4 inches,Hỗ trợ: 2 SIM 2 sóng,Danh bạ: 500 số,Camera: VGA, 2 SIM,Dung lượng pin: 1700 mAh",,,,,,,,,,,,,,,,350.000₫,,,,https://cdn4.tgdd.vn/Products/Images/42/107234/mobiistar-b242i-323-200x200.jpg,,,,,,,,,,
,,,Mobiistar B248i,,,,,"Màn hình: 2.4"", QVGA,Camera: 0.08MP,Hỗ trợ thẻ nhớ: 8GB,Hỗ trợ: 2 SIM 2 sóng,Pin: 1000mAh,Chức năng: MP3, MP4 ",,,,,,,,,,,,,,,,350.000₫,,,,https://cdn4.tgdd.vn/Products/Images/42/115599/mobiistar-b248i-300-200x200.jpg,,,,,,,,,,
,,,Samsung Galaxy A7 (2017),,,,,"Màn hình: 5.7"", Full HD,HĐH: Android 6.0 (Marshmallow),CPU: Exynos 7880,RAM: 3 GB, ROM: 32 GB,Camera: 16 MP, Selfie: 16 MP,PIN: 3600 mAh, SIM: 2 SIM",,,,,,,,,,,,,,,,7.290.000₫,,,,https://cdn2.tgdd.vn/Products/Images/42/88537/samsung-galaxy-a7-2017-hh-400x400.jpg,,,,,,,,,,
,,,Samsung Galaxy A6 (2018),,,,,"Màn hình: 5.6"", HD+,HĐH: Android 8.0 (Oreo),CPU: Exynos 7870 8 nhân 64-bit,RAM: 3 GB, ROM: 32 GB,Camera: 16 MP, Selfie: 16 MP,PIN: 3000 mAh",,,,,,,,,,,,,,,,6.990.000₫,,,,https://cdn1.tgdd.vn/Products/Images/42/157031/samsung-galaxy-a6-2018-2-400x400.jpg,,,,,,,,,,
,,,Samsung Galaxy J7 Pro,,,,,"Màn hình: 5.5"", Full HD,HĐH: Android 7.0,CPU: Exynos 7870 8 nhân 64-bit,RAM: 3 GB, ROM: 32 GB,Camera: 13 MP, Selfie: 13 MP,PIN: 3600 mAh",,,,,,,,,,,,,,,,6.090.000₫,,,,https://cdn4.tgdd.vn/Products/Images/42/103404/samsung-galaxy-j7-pro-hh-400x400.jpg,,,,,,,,,,
,,,Mobiistar B310,,,,,"Màn hình: 1.8"", QQVGA,Camera: 0.08MP,Hỗ trợ thẻ nhớ: 32GB,Hỗ trợ: 2 SIM 2 sóng,Pin: 800mAh, Danh bạ: 300 số,Chức năng: Chặn cuộc gọi",,,,,,,,,,,,,,,,260.000₫,,,,https://cdn2.tgdd.vn/Products/Images/42/151637/mobiistar-b310-mau-xam-400x400.jpg,,,,,,,,,,
,,,Mobiistar B221 (2017),,,,,"Màn hình: 1.8"", QQVGA,Camera: 0.3MP,Hỗ trợ thẻ nhớ: 8GB,Hỗ trợ: 2 SIM 2 sóng,Pin: 800mAh, Danh bạ: 300 số,Chức năng: Chặn, Ghi âm cuộc gọi",,,,,,,,,,,,,,,,220.000₫,,,,https://cdn1.tgdd.vn/Products/Images/42/113771/mobiistar-b221-2017-300a-200x200.jpg,,,,,,,,,,
,,,Samsung Galaxy J7 Prime,,,,,"Màn hình: 5.5"", Full HD,HĐH: Android 6.0 (Marshmallow),CPU: Exynos 7870 8 nhân,RAM: 3 GB, ROM: 32 GB,Camera: 13 MP, Selfie: 8 MP,PIN: 3300 mAh, SIM: 2 SIM",,,,,,,,,,,,,,,,4.990.000₫,,,,https://cdn3.tgdd.vn/Products/Images/42/84798/samsung-galaxy-j7-prime-hh-400x400.jpg,,,,,,,,,,
,,,Samsung Galaxy J3 Pro,,,,,"Màn hình: 5"", HD,HĐH: Android 7.0,CPU: Exynos 7570 4 nhân 64-bit,RAM: 2 GB, ROM: 16 GB,Camera: 13 MP, Selfie: 5 MP,PIN: 2400 mAh",,,,,,,,,,,,,,,,3.990.000₫,,,,https://cdn4.tgdd.vn/Products/Images/42/77849/samsung-galaxy-j3-pro-2017-hh-400x400.jpg,,,,,,,,,,
,,,Samsung Galaxy J2 Pro (2018),,,,,"Màn hình: 5"", qHD,HĐH: Android 7.1,CPU: Qualcomm Snapdragon 425 4 nhân 64-bit,RAM: 1.5 GB, ROM: 16 GB,Camera: 8 MP, Selfie: 5 MP,PIN: 2600 mAh",,,,,,,,,,,,,,,,3.290.000₫,,,,https://cdn.tgdd.vn/Products/Images/42/145575/samsung-galaxy-j2-pro-2018-13-400x400.jpg,,,,,,,,,,
,,,Samsung Galaxy J2 Pro (2018) Black,,,,,"Màn hình: 5"", qHD,HĐH: Android 7.1 (Nougat),CPU: Qualcomm Snapdragon 425,RAM: 1.5 GB, ROM: 16 GB,Camera: 8 MP, Selfie: 5 MP,PIN: 2600 mAh",,,,,,,,,,,,,,,,3.290.000₫,,,,https://cdn1.tgdd.vn/Products/Images/42/159586/samsung-galaxy-j2-pro-2018-black-400x400.jpg,,,,,,,,,,
,,,Samsung Galaxy J2 Prime,,,,,"Màn hình: 5"", qHD,HĐH: Android 6.0 (Marshmallow),CPU: MT6737 4 nhân,RAM: 1.5 GB, ROM: 8 GB,Camera: 8 MP, Selfie: 5 MP,PIN: 2600 mAh, SIM: 2 SIM",,,,,,,,,,,,,,,,2.690.000₫,,,,https://cdn3.tgdd.vn/Products/Images/42/88573/samsung-galaxy-j2-prime-hh-400x400.jpg,,,,,,,,,,
,,,Xiaomi Redmi Note 5,,,,,"Màn hình: 5.99"", Full HD+,HĐH: Android 8.1 (Oreo),CPU: Qualcomm Snapdragon 636 8 nhân,RAM: 4 GB, ROM: 64 GB,Camera: 12 MP và 5 MP (2 camera), Selfie: 13 MP,PIN: 4000 mAh",,,,,,,,,,,,,,,,5.690.000₫,,,,https://cdn3.tgdd.vn/Products/Images/42/153953/xiaomi-redmi-note-5-pro-400x400.jpg,,,,,,,,,,
,,,Xiaomi Mi A1 64GB,,,,,"Màn hình: 5.5"", Full HD,HĐH: Android 7.1,CPU: Qualcomm Snapdragon 625 8 nhân 64-bit,RAM: 4 GB, ROM: 64 GB,Camera: 2 camera 12 MP, Selfie: 5 MP,PIN: 3080 mAh",,,,,,,,,,,,,,,,5.490.000₫,,,,https://cdn2.tgdd.vn/Products/Images/42/113572/xiaomi-mi-a1-vang-hong-400x400.jpg,,,,,,,,,,
,,,Xiaomi Mi A1 32GB,,,,,"Màn hình: 5.5"", Full HD,HĐH: Android 7.1,CPU: Snapdragon 625 8 nhân,RAM: 4 GB, ROM: 32 GB,Camera: 2 camera 12 MP, Selfie: 5 MP,PIN: 3080 mAh",,,,,,,,,,,,,,,,4.990.000₫,,,,https://cdn3.tgdd.vn/Products/Images/42/145443/xiaomi-mi-a1-32gb-vang-dong-200x200.jpg,,,,,,,,,,
,,,Xiaomi Redmi 5 Plus 4GB,,,,,"Màn hình: 5.99"", Full HD+,HĐH: Android 7.1 (Nougat),CPU: Snapdragon 625 8 nhân 64-bit,RAM: 4 GB, ROM: 64 GB,Camera: 12 MP, Selfie: 5 MP,PIN: 4000 mAh",,,,,,,,,,,,,,,,4.790.000₫,,,,https://cdn.tgdd.vn/Products/Images/42/143465/xiaomi-redmi-5-plus-den-400x400.jpg,,,,,,,,,,
,,,Xiaomi Redmi Note 4,,,,,"Màn hình: 5.5"", Full HD,HĐH: Android 6.0 (Marshmallow),CPU: Snapdragon 625 8 nhân 64-bit,RAM: 3 GB, ROM: 32 GB,Camera: 13 MP, Selfie: 5 MP,PIN: 4100 mAh",,,,,,,,,,,,,,,,4.290.000₫,,,,https://cdn.tgdd.vn/Products/Images/42/84905/xiaomi-redmi-note-4-13-200x200.jpg,,,,,,,,,,
,,,Xiaomi Redmi 4X,,,,,"Màn hình: 5"", HD,HĐH: Android 7.0 (Nougat),CPU: Snapdragon 435 8 nhân,RAM: 3 GB, ROM: 32 GB,Camera: 13 MP, Selfie: 5 MP,PIN: 4100 mAh",,,,,,,,,,,,,,,,3.690.000₫,,,,https://cdn.tgdd.vn/Products/Images/42/99145/xiaomi-redmi-4x-300-200x200.jpg,,,,,,,,,,
,,,Xiaomi Redmi Note 5A Prime,,,,,"Màn hình: 5.5"", HD IPS,HĐH: Android 7.0,CPU: Snapdragon 435 8 nhân,RAM: 3 GB, ROM: 32 GB,Camera: 13 MP, Selfie: 16 MP,PIN: 3080 mAh",,,,,,,,,,,,,,,,3.690.000₫,,,,https://cdn.tgdd.vn/Products/Images/42/133150/xiaomi-redmi-note-5a-prime-1-200x200.jpg,,,,,,,,,,
,,,Xiaomi Redmi Note 5A (Redmi Y1 Lite),,,,,"Màn hình: 5.5"", HD,HĐH: Android 7.0,CPU: Qualcomm Snapdragon 425 4 nhân 64-bit,RAM: 2 GB, ROM: 16 GB,Camera: 13 MP, Selfie: 5 MP,PIN: 3080 mAh",,,,,,,,,,,,,,,,2.990.000₫,,,,https://cdn2.tgdd.vn/Products/Images/42/112972/xiaomi-redmi-note-5a-200x200.jpg,,,,,,,,,,
